<?xml version="1.0" encoding="UTF-8"?>
<spirit:component xmlns:xilinx="http://www.xilinx.com" xmlns:spirit="http://www.spiritconsortium.org/XMLSchema/SPIRIT/1685-2009" xmlns:xsi="http://www.w3.org/2001/XMLSchema-instance">
  <spirit:vendor>xilinx.com</spirit:vendor>
  <spirit:library>user</spirit:library>
  <spirit:name>ALU</spirit:name>
  <spirit:version>1.0</spirit:version>
  <spirit:busInterfaces>
    <spirit:busInterface>
      <spirit:name>clk</spirit:name>
      <spirit:busType spirit:vendor="xilinx.com" spirit:library="signal" spirit:name="clock" spirit:version="1.0"/>
      <spirit:abstractionType spirit:vendor="xilinx.com" spirit:library="signal" spirit:name="clock_rtl" spirit:version="1.0"/>
      <spirit:slave/>
      <spirit:portMaps>
        <spirit:portMap>
          <spirit:logicalPort>
            <spirit:name>CLK</spirit:name>
          </spirit:logicalPort>
          <spirit:physicalPort>
            <spirit:name>clk</spirit:name>
          </spirit:physicalPort>
        </spirit:portMap>
      </spirit:portMaps>
    </spirit:busInterface>
  </spirit:busInterfaces>
  <spirit:model>
    <spirit:views>
      <spirit:view>
        <spirit:name>xilinx_anylanguagesynthesis</spirit:name>
        <spirit:displayName>Synthesis</spirit:displayName>
        <spirit:envIdentifier>:vivado.xilinx.com:synthesis</spirit:envIdentifier>
        <spirit:language>VHDL</spirit:language>
        <spirit:modelName>ALU</spirit:modelName>
        <spirit:fileSetRef>
          <spirit:localName>xilinx_anylanguagesynthesis_view_fileset</spirit:localName>
        </spirit:fileSetRef>
        <spirit:parameters>
          <spirit:parameter>
            <spirit:name>viewChecksum</spirit:name>
            <spirit:value>57f9a9ea</spirit:value>
          </spirit:parameter>
        </spirit:parameters>
      </spirit:view>
      <spirit:view>
        <spirit:name>xilinx_anylanguagebehavioralsimulation</spirit:name>
        <spirit:displayName>Simulation</spirit:displayName>
        <spirit:envIdentifier>:vivado.xilinx.com:simulation</spirit:envIdentifier>
        <spirit:language>VHDL</spirit:language>
        <spirit:modelName>ALU</spirit:modelName>
        <spirit:fileSetRef>
          <spirit:localName>xilinx_anylanguagebehavioralsimulation_view_fileset</spirit:localName>
        </spirit:fileSetRef>
        <spirit:parameters>
          <spirit:parameter>
            <spirit:name>viewChecksum</spirit:name>
            <spirit:value>57f9a9ea</spirit:value>
          </spirit:parameter>
        </spirit:parameters>
      </spirit:view>
      <spirit:view>
        <spirit:name>xilinx_xpgui</spirit:name>
        <spirit:displayName>UI Layout</spirit:displayName>
        <spirit:envIdentifier>:vivado.xilinx.com:xgui.ui</spirit:envIdentifier>
        <spirit:fileSetRef>
          <spirit:localName>xilinx_xpgui_view_fileset</spirit:localName>
        </spirit:fileSetRef>
        <spirit:parameters>
          <spirit:parameter>
            <spirit:name>viewChecksum</spirit:name>
            <spirit:value>f64a5dae</spirit:value>
          </spirit:parameter>
        </spirit:parameters>
      </spirit:view>
    </spirit:views>
    <spirit:ports>
      <spirit:port>
        <spirit:name>clk</spirit:name>
        <spirit:wire>
          <spirit:direction>in</spirit:direction>
          <spirit:wireTypeDefs>
            <spirit:wireTypeDef>
              <spirit:typeName>STD_LOGIC</spirit:typeName>
              <spirit:viewNameRef>xilinx_anylanguagesynthesis</spirit:viewNameRef>
              <spirit:viewNameRef>xilinx_anylanguagebehavioralsimulation</spirit:viewNameRef>
            </spirit:wireTypeDef>
          </spirit:wireTypeDefs>
        </spirit:wire>
      </spirit:port>
      <spirit:port>
        <spirit:name>a</spirit:name>
        <spirit:wire>
          <spirit:direction>in</spirit:direction>
          <spirit:vector>
            <spirit:left spirit:format="long">3</spirit:left>
            <spirit:right spirit:format="long">0</spirit:right>
          </spirit:vector>
          <spirit:wireTypeDefs>
            <spirit:wireTypeDef>
              <spirit:typeName>STD_LOGIC_VECTOR</spirit:typeName>
              <spirit:viewNameRef>xilinx_anylanguagesynthesis</spirit:viewNameRef>
              <spirit:viewNameRef>xilinx_anylanguagebehavioralsimulation</spirit:viewNameRef>
            </spirit:wireTypeDef>
          </spirit:wireTypeDefs>
          <spirit:driver>
            <spirit:defaultValue spirit:format="bitString" spirit:bitStringLength="4">0x0</spirit:defaultValue>
          </spirit:driver>
        </spirit:wire>
      </spirit:port>
      <spirit:port>
        <spirit:name>b</spirit:name>
        <spirit:wire>
          <spirit:direction>in</spirit:direction>
          <spirit:vector>
            <spirit:left spirit:format="long">3</spirit:left>
            <spirit:right spirit:format="long">0</spirit:right>
          </spirit:vector>
          <spirit:wireTypeDefs>
            <spirit:wireTypeDef>
              <spirit:typeName>STD_LOGIC_VECTOR</spirit:typeName>
              <spirit:viewNameRef>xilinx_anylanguagesynthesis</spirit:viewNameRef>
              <spirit:viewNameRef>xilinx_anylanguagebehavioralsimulation</spirit:viewNameRef>
            </spirit:wireTypeDef>
          </spirit:wireTypeDefs>
          <spirit:driver>
            <spirit:defaultValue spirit:format="bitString" spirit:bitStringLength="4">0x0</spirit:defaultValue>
          </spirit:driver>
        </spirit:wire>
      </spirit:port>
      <spirit:port>
        <spirit:name>instr</spirit:name>
        <spirit:wire>
          <spirit:direction>in</spirit:direction>
          <spirit:vector>
            <spirit:left spirit:format="long">3</spirit:left>
            <spirit:right spirit:format="long">0</spirit:right>
          </spirit:vector>
          <spirit:wireTypeDefs>
            <spirit:wireTypeDef>
              <spirit:typeName>STD_LOGIC_VECTOR</spirit:typeName>
              <spirit:viewNameRef>xilinx_anylanguagesynthesis</spirit:viewNameRef>
              <spirit:viewNameRef>xilinx_anylanguagebehavioralsimulation</spirit:viewNameRef>
            </spirit:wireTypeDef>
          </spirit:wireTypeDefs>
        </spirit:wire>
      </spirit:port>
      <spirit:port>
        <spirit:name>ledEn</spirit:name>
        <spirit:wire>
          <spirit:direction>in</spirit:direction>
          <spirit:wireTypeDefs>
            <spirit:wireTypeDef>
              <spirit:typeName>STD_LOGIC</spirit:typeName>
              <spirit:viewNameRef>xilinx_anylanguagesynthesis</spirit:viewNameRef>
              <spirit:viewNameRef>xilinx_anylanguagebehavioralsimulation</spirit:viewNameRef>
            </spirit:wireTypeDef>
          </spirit:wireTypeDefs>
          <spirit:driver>
            <spirit:defaultValue spirit:format="bitString" spirit:bitStringLength="1">0x0</spirit:defaultValue>
          </spirit:driver>
        </spirit:wire>
      </spirit:port>
      <spirit:port>
        <spirit:name>sws</spirit:name>
        <spirit:wire>
          <spirit:direction>in</spirit:direction>
          <spirit:vector>
            <spirit:left spirit:format="long">3</spirit:left>
            <spirit:right spirit:format="long">0</spirit:right>
          </spirit:vector>
          <spirit:wireTypeDefs>
            <spirit:wireTypeDef>
              <spirit:typeName>STD_LOGIC_VECTOR</spirit:typeName>
              <spirit:viewNameRef>xilinx_anylanguagesynthesis</spirit:viewNameRef>
              <spirit:viewNameRef>xilinx_anylanguagebehavioralsimulation</spirit:viewNameRef>
            </spirit:wireTypeDef>
          </spirit:wireTypeDefs>
          <spirit:driver>
            <spirit:defaultValue spirit:format="bitString" spirit:bitStringLength="4">0x0</spirit:defaultValue>
          </spirit:driver>
        </spirit:wire>
      </spirit:port>
      <spirit:port>
        <spirit:name>y</spirit:name>
        <spirit:wire>
          <spirit:direction>out</spirit:direction>
          <spirit:vector>
            <spirit:left spirit:format="long">3</spirit:left>
            <spirit:right spirit:format="long">0</spirit:right>
          </spirit:vector>
          <spirit:wireTypeDefs>
            <spirit:wireTypeDef>
              <spirit:typeName>STD_LOGIC_VECTOR</spirit:typeName>
              <spirit:viewNameRef>xilinx_anylanguagesynthesis</spirit:viewNameRef>
              <spirit:viewNameRef>xilinx_anylanguagebehavioralsimulation</spirit:viewNameRef>
            </spirit:wireTypeDef>
          </spirit:wireTypeDefs>
        </spirit:wire>
      </spirit:port>
    </spirit:ports>
  </spirit:model>
  <spirit:fileSets>
    <spirit:fileSet>
      <spirit:name>xilinx_anylanguagesynthesis_view_fileset</spirit:name>
      <spirit:file>
        <spirit:name>ALU.vhd</spirit:name>
        <spirit:fileType>vhdlSource</spirit:fileType>
        <spirit:userFileType>CHECKSUM_57f9a9ea</spirit:userFileType>
      </spirit:file>
    </spirit:fileSet>
    <spirit:fileSet>
      <spirit:name>xilinx_anylanguagebehavioralsimulation_view_fileset</spirit:name>
      <spirit:file>
        <spirit:name>ALU.vhd</spirit:name>
        <spirit:fileType>vhdlSource</spirit:fileType>
      </spirit:file>
    </spirit:fileSet>
    <spirit:fileSet>
      <spirit:name>xilinx_xpgui_view_fileset</spirit:name>
      <spirit:file>
        <spirit:name>xgui/ALU_v1_0.tcl</spirit:name>
        <spirit:fileType>tclSource</spirit:fileType>
        <spirit:userFileType>CHECKSUM_f64a5dae</spirit:userFileType>
        <spirit:userFileType>XGUI_VERSION_2</spirit:userFileType>
      </spirit:file>
    </spirit:fileSet>
  </spirit:fileSets>
  <spirit:description>ALU_v1_0</spirit:description>
  <spirit:parameters>
    <spirit:parameter>
      <spirit:name>Component_Name</spirit:name>
      <spirit:value spirit:resolve="user" spirit:id="PARAM_VALUE.Component_Name" spirit:order="1">ALU_v1_0</spirit:value>
    </spirit:parameter>
  </spirit:parameters>
  <spirit:vendorExtensions>
    <xilinx:coreExtensions>
      <xilinx:supportedFamilies>
        <xilinx:family xilinx:lifeCycle="Production">zynq</xilinx:family>
        <xilinx:family xilinx:lifeCycle="Production">qzynq</xilinx:family>
        <xilinx:family xilinx:lifeCycle="Production">azynq</xilinx:family>
        <xilinx:family xilinx:lifeCycle="Production">zynquplus</xilinx:family>
        <xilinx:family xilinx:lifeCycle="Production">virtexuplus</xilinx:family>
        <xilinx:family xilinx:lifeCycle="Production">virtexuplusHBM</xilinx:family>
        <xilinx:family xilinx:lifeCycle="Production">kintexu</xilinx:family>
      </xilinx:supportedFamilies>
      <xilinx:taxonomies>
        <xilinx:taxonomy>/UserIP</xilinx:taxonomy>
      </xilinx:taxonomies>
      <xilinx:displayName>ALU_v1_0</xilinx:displayName>
      <xilinx:definitionSource>package_project</xilinx:definitionSource>
      <xilinx:coreRevision>3</xilinx:coreRevision>
      <xilinx:coreCreationDateTime>2023-08-19T03:59:43Z</xilinx:coreCreationDateTime>
      <xilinx:tags>
        <xilinx:tag xilinx:name="ui.data.coregen.dd@7041b1e1_ARCHIVE_LOCATION">c:/users/csier/onedrive/escritorio/ay_2023_2/ay2/alu/alu.srcs/sources_1/new</xilinx:tag>
        <xilinx:tag xilinx:name="ui.data.coregen.dd@4ad0acf6_ARCHIVE_LOCATION">c:/users/csier/onedrive/escritorio/ay_2023_2/ay2/alu/alu.srcs/sources_1/new</xilinx:tag>
        <xilinx:tag xilinx:name="ui.data.coregen.dd@17df719f_ARCHIVE_LOCATION">c:/users/csier/onedrive/escritorio/ay_2023_2/ay2/alu/alu.srcs/sources_1/new</xilinx:tag>
        <xilinx:tag xilinx:name="ui.data.coregen.dd@55a873a2_ARCHIVE_LOCATION">c:/users/csier/onedrive/escritorio/ay_2023_2/ay2/alu/alu.srcs/sources_1/new</xilinx:tag>
        <xilinx:tag xilinx:name="ui.data.coregen.dd@3d3e1ed5_ARCHIVE_LOCATION">c:/users/csier/onedrive/escritorio/ay_2023_2/ay2/alu/alu.srcs/sources_1/new</xilinx:tag>
        <xilinx:tag xilinx:name="ui.data.coregen.dd@6fdce0b4_ARCHIVE_LOCATION">c:/users/csier/onedrive/escritorio/ay_2023_2/ay2/alu/alu.srcs/sources_1/new</xilinx:tag>
        <xilinx:tag xilinx:name="ui.data.coregen.dd@2651dc3b_ARCHIVE_LOCATION">c:/users/csier/onedrive/escritorio/ay_2023_2/ay2/alu/alu.srcs/sources_1/new</xilinx:tag>
        <xilinx:tag xilinx:name="ui.data.coregen.dd@60d9fc5b_ARCHIVE_LOCATION">c:/users/csier/onedrive/escritorio/ay_2023_2/ay2/alu/alu.srcs/sources_1/new</xilinx:tag>
        <xilinx:tag xilinx:name="ui.data.coregen.dd@2996789e_ARCHIVE_LOCATION">c:/users/csier/onedrive/escritorio/ay_2023_2/ay2/alu/alu.srcs/sources_1/new</xilinx:tag>
        <xilinx:tag xilinx:name="ui.data.coregen.dd@247ca4ed_ARCHIVE_LOCATION">c:/users/csier/onedrive/escritorio/ay_2023_2/ay2/alu/alu.srcs/sources_1/new</xilinx:tag>
        <xilinx:tag xilinx:name="ui.data.coregen.dd@3bb09c2c_ARCHIVE_LOCATION">c:/users/csier/onedrive/escritorio/ay_2023_2/ay2/alu/alu.srcs/sources_1/new</xilinx:tag>
        <xilinx:tag xilinx:name="ui.data.coregen.dd@56fad591_ARCHIVE_LOCATION">c:/users/csier/onedrive/escritorio/ay_2023_2/ay2/alu/alu.srcs/sources_1/new</xilinx:tag>
        <xilinx:tag xilinx:name="ui.data.coregen.dd@308d98d8_ARCHIVE_LOCATION">c:/users/csier/onedrive/escritorio/ay_2023_2/ay2/alu/alu.srcs/sources_1/new</xilinx:tag>
        <xilinx:tag xilinx:name="ui.data.coregen.dd@65a88fa_ARCHIVE_LOCATION">c:/users/csier/onedrive/escritorio/ay_2023_2/ay2/alu/alu.srcs/sources_1/new</xilinx:tag>
        <xilinx:tag xilinx:name="ui.data.coregen.dd@15f446d0_ARCHIVE_LOCATION">c:/users/csier/onedrive/escritorio/ay_2023_2/ay2/alu/alu.srcs/sources_1/new</xilinx:tag>
        <xilinx:tag xilinx:name="ui.data.coregen.dd@4fbc206b_ARCHIVE_LOCATION">c:/users/csier/onedrive/escritorio/ay_2023_2/ay2/alu/alu.srcs/sources_1/new</xilinx:tag>
        <xilinx:tag xilinx:name="ui.data.coregen.dd@722053b7_ARCHIVE_LOCATION">c:/users/csier/onedrive/escritorio/ay_2023_2/ay2/alu/alu.srcs/sources_1/new</xilinx:tag>
        <xilinx:tag xilinx:name="ui.data.coregen.dd@51d1e7da_ARCHIVE_LOCATION">c:/users/csier/onedrive/escritorio/ay_2023_2/ay2/alu/alu.srcs/sources_1/new</xilinx:tag>
        <xilinx:tag xilinx:name="ui.data.coregen.dd@64dfc0c6_ARCHIVE_LOCATION">c:/users/csier/onedrive/escritorio/ay_2023_2/ay2/alu/alu.srcs/sources_1/new</xilinx:tag>
        <xilinx:tag xilinx:name="ui.data.coregen.dd@6c69e153_ARCHIVE_LOCATION">c:/users/csier/onedrive/escritorio/ay_2023_2/ay2/alu/alu.srcs/sources_1/new</xilinx:tag>
        <xilinx:tag xilinx:name="ui.data.coregen.dd@6a7563ba_ARCHIVE_LOCATION">c:/users/csier/onedrive/escritorio/ay_2023_2/ay2/alu/alu.srcs/sources_1/new</xilinx:tag>
        <xilinx:tag xilinx:name="ui.data.coregen.dd@31b43bde_ARCHIVE_LOCATION">c:/users/csier/onedrive/escritorio/ay_2023_2/ay2/alu/alu.srcs/sources_1/new</xilinx:tag>
        <xilinx:tag xilinx:name="ui.data.coregen.dd@2bbfd6ec_ARCHIVE_LOCATION">c:/users/csier/onedrive/escritorio/ay_2023_2/ay2/alu/alu.srcs/sources_1/new</xilinx:tag>
        <xilinx:tag xilinx:name="ui.data.coregen.dd@29072b7f_ARCHIVE_LOCATION">c:/users/csier/onedrive/escritorio/ay_2023_2/ay2/alu/alu.srcs/sources_1/new</xilinx:tag>
        <xilinx:tag xilinx:name="ui.data.coregen.dd@3df12e63_ARCHIVE_LOCATION">c:/users/csier/onedrive/escritorio/ay_2023_2/ay2/alu/alu.srcs/sources_1/new</xilinx:tag>
      </xilinx:tags>
    </xilinx:coreExtensions>
    <xilinx:packagingInfo>
      <xilinx:xilinxVersion>2020.1</xilinx:xilinxVersion>
      <xilinx:checksum xilinx:scope="busInterfaces" xilinx:value="a88d4390"/>
      <xilinx:checksum xilinx:scope="fileGroups" xilinx:value="4336bd88"/>
      <xilinx:checksum xilinx:scope="ports" xilinx:value="5df87e46"/>
      <xilinx:checksum xilinx:scope="parameters" xilinx:value="dae4712f"/>
    </xilinx:packagingInfo>
  </spirit:vendorExtensions>
</spirit:component>
