<?xml version="1.0" encoding="UTF-8"?>
<GenRun Id="impl_1" LaunchPart="xc7z010clg400-1" LaunchTime="1692417729">
  <File Type="ROUTE-PWR" Name="Ay2_BD_wrapper_power_routed.rpt"/>
  <File Type="PA-TCL" Name="Ay2_BD_wrapper.tcl"/>
  <File Type="ROUTE-PWR-SUM" Name="Ay2_BD_wrapper_power_summary_routed.pb"/>
  <File Type="REPORTS-TCL" Name="Ay2_BD_wrapper_reports.tcl"/>
  <File Type="BITSTR-MSK" Name="Ay2_BD_wrapper.msk"/>
  <File Type="ROUTE-CLK" Name="Ay2_BD_wrapper_clock_utilization_routed.rpt"/>
  <File Type="RDI-RDI" Name="Ay2_BD_wrapper.vdi"/>
  <File Type="BG-BIT" Name="Ay2_BD_wrapper.bit"/>
  <File Type="BG-DRC" Name="Ay2_BD_wrapper.drc"/>
  <File Type="BG-BGN" Name="Ay2_BD_wrapper.bgn"/>
  <File Type="BG-BIN" Name="Ay2_BD_wrapper.bin"/>
  <File Type="BITSTR-RBT" Name="Ay2_BD_wrapper.rbt"/>
  <File Type="BITSTR-NKY" Name="Ay2_BD_wrapper.nky"/>
  <File Type="BITSTR-BMM" Name="Ay2_BD_wrapper_bd.bmm"/>
  <File Type="ROUTE-METHODOLOGY-DRC" Name="Ay2_BD_wrapper_methodology_drc_routed.rpt"/>
  <File Type="BITSTR-MMI" Name="Ay2_BD_wrapper.mmi"/>
  <File Type="BITSTR-SYSDEF" Name="Ay2_BD_wrapper.sysdef"/>
  <File Type="BITSTR-LTX" Name="debug_nets.ltx"/>
  <File Type="BITSTR-LTX" Name="Ay2_BD_wrapper.ltx"/>
  <File Type="WBT-USG" Name="usage_statistics_webtalk.html"/>
  <File Type="OPT-DRC" Name="Ay2_BD_wrapper_drc_opted.rpt"/>
  <File Type="OPT-HWDEF" Name="Ay2_BD_wrapper.hwdef"/>
  <File Type="PLACE-IO" Name="Ay2_BD_wrapper_io_placed.rpt"/>
  <File Type="PLACE-UTIL" Name="Ay2_BD_wrapper_utilization_placed.rpt"/>
  <File Type="PLACE-UTIL-PB" Name="Ay2_BD_wrapper_utilization_placed.pb"/>
  <File Type="PLACE-CTRL" Name="Ay2_BD_wrapper_control_sets_placed.rpt"/>
  <File Type="PLACE-PRE-SIMILARITY" Name="Ay2_BD_wrapper_incremental_reuse_pre_placed.rpt"/>
  <File Type="ROUTE-DRC" Name="Ay2_BD_wrapper_drc_routed.rpt"/>
  <File Type="ROUTE-DRC-PB" Name="Ay2_BD_wrapper_drc_routed.pb"/>
  <File Type="ROUTE-PWR-RPX" Name="Ay2_BD_wrapper_power_routed.rpx"/>
  <File Type="ROUTE-STATUS" Name="Ay2_BD_wrapper_route_status.rpt"/>
  <File Type="ROUTE-STATUS-PB" Name="Ay2_BD_wrapper_route_status.pb"/>
  <File Type="ROUTE-DCP" Name="Ay2_BD_wrapper_routed.dcp"/>
  <File Type="ROUTE-ERROR-DCP" Name="Ay2_BD_wrapper_routed_error.dcp"/>
  <File Type="ROUTE-BLACKBOX-DCP" Name="Ay2_BD_wrapper_routed_bb.dcp"/>
  <File Type="ROUTE-TIMINGSUMMARY" Name="Ay2_BD_wrapper_timing_summary_routed.rpt"/>
  <File Type="ROUTE-TIMING-PB" Name="Ay2_BD_wrapper_timing_summary_routed.pb"/>
  <File Type="ROUTE-TIMING-RPX" Name="Ay2_BD_wrapper_timing_summary_routed.rpx"/>
  <File Type="ROUTE-BUS-SKEW" Name="Ay2_BD_wrapper_bus_skew_routed.rpt"/>
  <File Type="ROUTE-BUS-SKEW-PB" Name="Ay2_BD_wrapper_bus_skew_routed.pb"/>
  <File Type="ROUTE-BUS-SKEW-RPX" Name="Ay2_BD_wrapper_bus_skew_routed.rpx"/>
  <File Type="OPT-DCP" Name="Ay2_BD_wrapper_opt.dcp"/>
  <File Type="PLACE-DCP" Name="Ay2_BD_wrapper_placed.dcp"/>
  <File Type="PWROPT-DCP" Name="Ay2_BD_wrapper_pwropt.dcp"/>
  <File Type="POSTPLACE-PWROPT-DCP" Name="Ay2_BD_wrapper_postplace_pwropt.dcp"/>
  <File Type="PHYSOPT-DCP" Name="Ay2_BD_wrapper_physopt.dcp"/>
  <File Type="POSTROUTE-PHYSOPT-DCP" Name="Ay2_BD_wrapper_postroute_physopt.dcp"/>
  <File Type="POSTROUTE-PHYSOPT-BLACKBOX-DCP" Name="Ay2_BD_wrapper_postroute_physopt_bb.dcp"/>
  <File Type="ROUTE-METHODOLOGY-DRC-PB" Name="Ay2_BD_wrapper_methodology_drc_routed.pb"/>
  <File Type="ROUTE-DRC-RPX" Name="Ay2_BD_wrapper_drc_routed.rpx"/>
  <File Type="ROUTE-METHODOLOGY-DRC-RPX" Name="Ay2_BD_wrapper_methodology_drc_routed.rpx"/>
  <File Type="PDI-FILE" Name="Ay2_BD_wrapper.pdi"/>
  <File Type="RCFI_FILE" Name="Ay2_BD_wrapper.rcfi"/>
  <File Type="CFI_FILE" Name="Ay2_BD_wrapper.cfi"/>
  <File Type="RNPI_FILE" Name="Ay2_BD_wrapper.rnpi"/>
  <File Type="NPI_FILE" Name="Ay2_BD_wrapper.npi"/>
  <File Type="RBD_FILE" Name="Ay2_BD_wrapper.rbd"/>
  <FileSet Name="sources" Type="DesignSrcs" RelSrcDir="$PSRCDIR/sources_1">
    <Filter Type="Srcs"/>
    <File Path="$PSRCDIR/sources_1/bd/Ay2_BD/Ay2_BD.bd">
      <FileInfo>
        <Attr Name="ImportPath" Val="$PPRDIR/../Ay2_BD/Ay2_BD.srcs/sources_1/bd/Ay2_BD/Ay2_BD.bd"/>
        <Attr Name="ImportTime" Val="1692417727"/>
        <Attr Name="UsedIn" Val="synthesis"/>
        <Attr Name="UsedIn" Val="implementation"/>
        <Attr Name="UsedIn" Val="simulation"/>
      </FileInfo>
    </File>
    <File Path="$PSRCDIR/sources_1/bd/Ay2_BD/hdl/Ay2_BD_wrapper.vhd">
      <FileInfo>
        <Attr Name="ImportPath" Val="$PPRDIR/../Ay2_BD/Ay2_BD.srcs/sources_1/bd/Ay2_BD/hdl/Ay2_BD_wrapper.vhd"/>
        <Attr Name="ImportTime" Val="1692417727"/>
        <Attr Name="UsedIn" Val="synthesis"/>
        <Attr Name="UsedIn" Val="simulation"/>
      </FileInfo>
    </File>
    <Config>
      <Option Name="DesignMode" Val="RTL"/>
      <Option Name="TopModule" Val="Ay2_BD_wrapper"/>
      <Option Name="TopAutoSet" Val="TRUE"/>
    </Config>
  </FileSet>
  <FileSet Name="constrs_in" Type="Constrs" RelSrcDir="$PSRCDIR/constrs_1">
    <Filter Type="Constrs"/>
    <File Path="$PSRCDIR/constrs_1/imports/Downloads/Zybo-Z7-Master.xdc">
      <FileInfo>
        <Attr Name="ImportPath" Val="$PPRDIR/../../../../../Downloads/Zybo-Z7-Master.xdc"/>
        <Attr Name="ImportTime" Val="1678886752"/>
        <Attr Name="UsedIn" Val="synthesis"/>
        <Attr Name="UsedIn" Val="implementation"/>
      </FileInfo>
    </File>
    <Config>
      <Option Name="ConstrsType" Val="XDC"/>
    </Config>
  </FileSet>
  <FileSet Name="utils" Type="Utils" RelSrcDir="$PSRCDIR/utils_1">
    <Filter Type="Utils"/>
    <Config>
      <Option Name="TopAutoSet" Val="TRUE"/>
    </Config>
  </FileSet>
  <Strategy Version="1" Minor="2">
    <StratHandle Name="Vivado Implementation Defaults" Flow="Vivado Implementation 2020"/>
    <Step Id="init_design"/>
    <Step Id="opt_design"/>
    <Step Id="power_opt_design"/>
    <Step Id="place_design"/>
    <Step Id="post_place_power_opt_design"/>
    <Step Id="phys_opt_design"/>
    <Step Id="route_design"/>
    <Step Id="post_route_phys_opt_design"/>
    <Step Id="write_bitstream"/>
    <Step Id="write_device_image"/>
  </Strategy>
  <BlockFileSet Type="BlockSrcs" Name="Ay2_BD_SM_0_0"/>
  <BlockFileSet Type="BlockSrcs" Name="Ay2_BD_ALU_0_0"/>
  <BlockFileSet Type="BlockSrcs" Name="Ay2_BD_RAM_0_0"/>
</GenRun>
