<?xml version="1.0" encoding="UTF-8"?>
<GenRun Id="synth_1" LaunchPart="xc7z010clg400-1" LaunchTime="1692417729">
  <File Type="PA-TCL" Name="Ay2_BD_wrapper.tcl"/>
  <File Type="REPORTS-TCL" Name="Ay2_BD_wrapper_reports.tcl"/>
  <File Type="RDS-RDS" Name="Ay2_BD_wrapper.vds"/>
  <File Type="RDS-UTIL" Name="Ay2_BD_wrapper_utilization_synth.rpt"/>
  <File Type="RDS-UTIL-PB" Name="Ay2_BD_wrapper_utilization_synth.pb"/>
  <File Type="RDS-DCP" Name="Ay2_BD_wrapper.dcp"/>
  <FileSet Name="sources" Type="DesignSrcs" RelSrcDir="$PSRCDIR/sources_1">
    <Filter Type="Srcs"/>
    <File Path="$PSRCDIR/sources_1/bd/Ay2_BD/Ay2_BD.bd">
      <FileInfo>
        <Attr Name="ImportPath" Val="$PPRDIR/../Ay2_BD/Ay2_BD.srcs/sources_1/bd/Ay2_BD/Ay2_BD.bd"/>
        <Attr Name="ImportTime" Val="1692417727"/>
        <Attr Name="UsedIn" Val="synthesis"/>
        <Attr Name="UsedIn" Val="implementation"/>
        <Attr Name="UsedIn" Val="simulation"/>
      </FileInfo>
    </File>
    <File Path="$PSRCDIR/sources_1/bd/Ay2_BD/hdl/Ay2_BD_wrapper.vhd">
      <FileInfo>
        <Attr Name="ImportPath" Val="$PPRDIR/../Ay2_BD/Ay2_BD.srcs/sources_1/bd/Ay2_BD/hdl/Ay2_BD_wrapper.vhd"/>
        <Attr Name="ImportTime" Val="1692417727"/>
        <Attr Name="UsedIn" Val="synthesis"/>
        <Attr Name="UsedIn" Val="simulation"/>
      </FileInfo>
    </File>
    <Config>
      <Option Name="DesignMode" Val="RTL"/>
      <Option Name="TopModule" Val="Ay2_BD_wrapper"/>
      <Option Name="TopAutoSet" Val="TRUE"/>
    </Config>
  </FileSet>
  <FileSet Name="constrs_in" Type="Constrs" RelSrcDir="$PSRCDIR/constrs_1">
    <Filter Type="Constrs"/>
    <File Path="$PSRCDIR/constrs_1/imports/Downloads/Zybo-Z7-Master.xdc">
      <FileInfo>
        <Attr Name="ImportPath" Val="$PPRDIR/../../../../../Downloads/Zybo-Z7-Master.xdc"/>
        <Attr Name="ImportTime" Val="1678886752"/>
        <Attr Name="UsedIn" Val="synthesis"/>
        <Attr Name="UsedIn" Val="implementation"/>
      </FileInfo>
    </File>
    <Config>
      <Option Name="ConstrsType" Val="XDC"/>
    </Config>
  </FileSet>
  <FileSet Name="utils" Type="Utils" RelSrcDir="$PSRCDIR/utils_1">
    <Filter Type="Utils"/>
    <Config>
      <Option Name="TopAutoSet" Val="TRUE"/>
    </Config>
  </FileSet>
  <Strategy Version="1" Minor="2">
    <StratHandle Name="Vivado Synthesis Defaults" Flow="Vivado Synthesis 2020"/>
    <Step Id="synth_design"/>
  </Strategy>
  <BlockFileSet Type="BlockSrcs" Name="Ay2_BD_SM_0_0"/>
  <BlockFileSet Type="BlockSrcs" Name="Ay2_BD_ALU_0_0"/>
  <BlockFileSet Type="BlockSrcs" Name="Ay2_BD_RAM_0_0"/>
</GenRun>
